Workbook

Sheet Start Here
A1: DAIRY PRODUCTION & INVENTORY PLANNING CASE STUDY
A2: Independent portfolio project | All demand, capacity, inventory and scenario records are synthetic; not Sudha Dairy operational data.
A4: Business question | B4: How can a dairy operation align production with demand while managing inventory, stockout risk, capacity and estimated write-offs?
A5: Scope | B5: 84 days × 5 product categories = 420 synthetic SKU-day records.
A6: Product mix | B6: Toned milk, full cream milk, curd, lassi and paneer.
A7: Baseline scenario | B7: Plan production at 97% of forecast demand, carry opening inventory forward, and apply small execution variation.
A8: Improvement scenario | B8: Plan for forecast demand plus a product-specific target closing-stock buffer, less opening stock, capped by assumed daily capacity.
A9: Decision objective | B9: Compare service level, stockouts, estimated write-offs, forecast error and capacity utilisation before recommending a planning rule.
A11: Synthetic scenario result | B11: Value
A12: SKU-day records | B12: 420
A13: Mean absolute percentage error (MAPE) | B13: 0.09789496
A14: Baseline fill rate | B14: 0.96311335
A15: Inventory-aware scenario fill rate | B15: 0.99534413
A16: Baseline stockout units | B16: 11773
A17: Inventory-aware scenario stockout units | B17: 1486
A18: Modelled stockout reduction | B18: 0.87377899
A19: Baseline estimated write-off units | B19: 1260
A20: Scenario estimated write-off units | B20: 1039
A21: Modelled write-off change | B21: -0.17539683
A23: Important limitation: This is a learning model, not evidence of real-world savings. The write-off rate is an assumption, not observed expiry/FEFO data. In a real operation, validate the approach with actual forecast, batch, shelf-life, production and dispatch data before taking action.

Sheet SKU-Day Data
A1: Date | B1: Product | C1: Shelf Life (days) | D1: Forecast Demand (units) | E1: Actual Demand (units) | F1: Daily Capacity (units) | G1: Baseline Planned Production | H1: Baseline Execution Factor | I1: Baseline Actual Production | J1: Baseline Opening Stock | K1: Baseline Available Stock | L1: Baseline Dispatched | M1: Baseline Stockout | N1: Baseline Pre-write-off Stock | O1: Write-off Rate Assumption | P1: Baseline Est. Write-off | Q1: Baseline Closing Stock | R1: Target Closing Stock | S1: Recommended Planned Production | T1: Recommended Execution Factor | U1: Recommended Actual Production | V1: Recommended Opening Stock | W1: Recommended Available Stock | X1: Recommended Dispatched | Y1: Recommended Stockout | Z1: Recommended Pre-write-off Stock | AA1: Recommended Est. Write-off | AB1: Recommended Closing Stock | AC1: Forecast Abs. % Error | AD1: Baseline Fill Rate | AE1: Recommended Fill Rate | AF1: Baseline Capacity Utilisation | AG1: Recommended Capacity Utilisation
A2: 46162 | B2: Toned Milk | C2: 2 | D2: 1683 | E2: 1626 | F2: 2250 | G2: =ROUND(D2*0.97,0) -> 1633 | H2: 1.0115625 | I2: =MIN(F2,ROUND(G2*H2,0)) -> 1652 | J2: 425 | K2: =I2+J2 -> 2077 | L2: =MIN(E2,K2) -> 1626 | M2: =MAX(E2-K2,0) -> 0 | N2: =MAX(K2-L2,0) -> 451 | O2: 0.025 | P2: =MIN(N2,ROUND(N2*O2,0)) -> 11 | Q2: =N2-P2 -> 440 | R2: 202 | S2: =MIN(F2,MAX(0,ROUND(D2+R2-V2,0))) -> 1460 | T2: 0.98005691 | U2: =MIN(F2,MAX(0,ROUND(S2*T2,0))) -> 1431 | V2: 425 | W2: =U2+V2 -> 1856 | X2: =MIN(E2,W2) -> 1626 | Y2: =MAX(E2-W2,0) -> 0 | Z2: =MAX(W2-X2,0) -> 230 | AA2: =MIN(Z2,ROUND(Z2*O2,0)) -> 6 | AB2: =Z2-AA2 -> 224 | AC2: =IFERROR(ABS(E2-D2)/E2,0) -> 0.035055351 | AD2: =IFERROR(L2/E2,1) -> 1 | AE2: =IFERROR(X2/E2,1) -> 1 | AF2: =IFERROR(I2/F2,0) -> 0.73422222 | AG2: =IFERROR(U2/F2,0) -> 0.636
A3: 46162 | B3: Full Cream Milk | C3: 2 | D3: 842 | E3: 704 | F3: 1200 | G3: =ROUND(D3*0.97,0) -> 817 | H3: 1.0126742 | I3: =MIN(F3,ROUND(G3*H3,0)) -> 827 | J3: 212 | K3: =I3+J3 -> 1039 | L3: =MIN(E3,K3) -> 704 | M3: =MAX(E3-K3,0) -> 0 | N3: =MAX(K3-L3,0) -> 335 | O3: 0.03 | P3: =MIN(N3,ROUND(N3*O3,0)) -> 10 | Q3: =N3-P3 -> 325 | R3: 101 | S3: =MIN(F3,MAX(0,ROUND(D3+R3-V3,0))) -> 731 | T3: 1.001244 | U3: =MIN(F3,MAX(0,ROUND(S3*T3,0))) -> 732 | V3: 212 | W3: =U3+V3 -> 944 | X3: =MIN(E3,W3) -> 704 | Y3: =MAX(E3-W3,0) -> 0 | Z3: =MAX(W3-X3,0) -> 240 | AA3: =MIN(Z3,ROUND(Z3*O3,0)) -> 7 | AB3: =Z3-AA3 -> 233 | AC3: =IFERROR(ABS(E3-D3)/E3,0) -> 0.19602273 | AD3: =IFERROR(L3/E3,1) -> 1 | AE3: =IFERROR(X3/E3,1) -> 1 | AF3: =IFERROR(I3/F3,0) -> 0.68916667 | AG3: =IFERROR(U3/F3,0) -> 0.61
A4: 46162 | B4: Curd | C4: 7 | D4: 490 | E4: 414 | F4: 700 | G4: =ROUND(D4*0.97,0) -> 475 | H4: 0.98890319 | I4: =MIN(F4,ROUND(G4*H4,0)) -> 470 | J4: 125 | K4: =I4+J4 -> 595 | L4: =MIN(E4,K4) -> 414 | M4: =MAX(E4-K4,0) -> 0 | N4: =MAX(K4-L4,0) -> 181 | O4: 0.018 | P4: =MIN(N4,ROUND(N4*O4,0)) -> 3 | Q4: =N4-P4 -> 178 | R4: 88 | S4: =MIN(F4,MAX(0,ROUND(D4+R4-V4,0))) -> 453 | T4: 0.98200902 | U4: =MIN(F4,MAX(0,ROUND(S4*T4,0))) -> 445 | V4: 125 | W4: =U4+V4 -> 570 | X4: =MIN(E4,W4) -> 414 | Y4: =MAX(E4-W4,0) -> 0 | Z4: =MAX(W4-X4,0) -> 156 | AA4: =MIN(Z4,ROUND(Z4*O4,0)) -> 3 | AB4: =Z4-AA4 -> 153 | AC4: =IFERROR(ABS(E4-D4)/E4,0) -> 0.18357488 | AD4: =IFERROR(L4/E4,1) -> 1 | AE4: =IFERROR(X4/E4,1) -> 1 | AF4: =IFERROR(I4/F4,0) -> 0.67142857 | AG4: =IFERROR(U4/F4,0) -> 0.63571429
A5: 46162 | B5: Lassi | C5: 7 | D5: 392 | E5: 354 | F5: 560 | G5: =ROUND(D5*0.97,0) -> 380 | H5: 1.0155453 | I5: =MIN(F5,ROUND(G5*H5,0)) -> 386 | J5: 100 | K5: =I5+J5 -> 486 | L5: =MIN(E5,K5) -> 354 | M5: =MAX(E5-K5,0) -> 0 | N5: =MAX(K5-L5,0) -> 132 | O5: 0.02 | P5: =MIN(N5,ROUND(N5*O5,0)) -> 3 | Q5: =N5-P5 -> 129 | R5: 71 | S5: =MIN(F5,MAX(0,ROUND(D5+R5-V5,0))) -> 363 | T5: 1.0023906 | U5: =MIN(F5,MAX(0,ROUND(S5*T5,0))) -> 364 | V5: 100 | W5: =U5+V5 -> 464 | X5: =MIN(E5,W5) -> 354 | Y5: =MAX(E5-W5,0) -> 0 | Z5: =MAX(W5-X5,0) -> 110 | AA5: =MIN(Z5,ROUND(Z5*O5,0)) -> 2 | AB5: =Z5-AA5 -> 108 | AC5: =IFERROR(ABS(E5-D5)/E5,0) -> 0.10734463 | AD5: =IFERROR(L5/E5,1) -> 1 | AE5: =IFERROR(X5/E5,1) -> 1 | AF5: =IFERROR(I5/F5,0) -> 0.68928571 | AG5: =IFERROR(U5/F5,0) -> 0.65
A6: 46162 | B6: Paneer | C6: 5 | D6: 157 | E6: 133 | F6: 230 | G6: =ROUND(D6*0.97,0) -> 152 | H6: 1.0018656 | I6: =MIN(F6,ROUND(G6*H6,0)) -> 152 | J6: 40 | K6: =I6+J6 -> 192 | L6: =MIN(E6,K6) -> 133 | M6: =MAX(E6-K6,0) -> 0 | N6: =MAX(K6-L6,0) -> 59 | O6: 0.025 | P6: =MIN(N6,ROUND(N6*O6,0)) -> 1 | Q6: =N6-P6 -> 58 | R6: 31 | S6: =MIN(F6,MAX(0,ROUND(D6+R6-V6,0))) -> 148 | T6: 1.0062362 | U6: =MIN(F6,MAX(0,ROUND(S6*T6,0))) -> 149 | V6: 40 | W6: =U6+V6 -> 189 | X6: =MIN(E6,W6) -> 133 | Y6: =MAX(E6-W6,0) -> 0 | Z6: =MAX(W6-X6,0) -> 56 | AA6: =MIN(Z6,ROUND(Z6*O6,0)) -> 1 | AB6: =Z6-AA6 -> 55 | AC6: =IFERROR(ABS(E6-D6)/E6,0) -> 0.18045113 | AD6: =IFERROR(L6/E6,1) -> 1 | AE6: =IFERROR(X6/E6,1) -> 1 | AF6: =IFERROR(I6/F6,0) -> 0.66086957 | AG6: =IFERROR(U6/F6,0) -> 0.64782609
A7: 46163 | B7: Toned Milk | C7: 2 | D7: 1701 | E7: 1663 | F7: 2250 | G7: =ROUND(D7*0.97,0) -> 1650 | H7: 1.0094285 | I7: =MIN(F7,ROUND(G7*H7,0)) -> 1666 | J7: =Q2 -> 440 | K7: =I7+J7 -> 2106 | L7: =MIN(E7,K7) -> 1663 | M7: =MAX(E7-K7,0) -> 0 | N7: =MAX(K7-L7,0) -> 443 | O7: 0.025 | P7: =MIN(N7,ROUND(N7*O7,0)) -> 11 | Q7: =N7-P7 -> 432 | R7: 204 | S7: =MIN(F7,MAX(0,ROUND(D7+R7-V7,0))) -> 1681 | T7: 0.98511062 | U7: =MIN(F7,MAX(0,ROUND(S7*T7,0))) -> 1656 | V7: =AB2 -> 224 | W7: =U7+V7 -> 1880 | X7: =MIN(E7,W7) -> 1663 | Y7: =MAX(E7-W7,0) -> 0 | Z7: =MAX(W7-X7,0) -> 217 | AA7: =MIN(Z7,ROUND(Z7*O7,0)) -> 5 | AB7: =Z7-AA7 -> 212 | AC7: =IFERROR(ABS(E7-D7)/E7,0) -> 0.022850271 | AD7: =IFERROR(L7/E7,1) -> 1 | AE7: =IFERROR(X7/E7,1) -> 1 | AF7: =IFERROR(I7/F7,0) -> 0.74044444 | AG7: =IFERROR(U7/F7,0) -> 0.736
A8: 46163 | B8: Full Cream Milk | C8: 2 | D8: 850 | E8: 965 | F8: 1200 | G8: =ROUND(D8*0.97,0) -> 825 | H8: 1.0140602 | I8: =MIN(F8,ROUND(G8*H8,0)) -> 837 | J8: =Q3 -> 325 | K8: =I8+J8 -> 1162 | L8: =MIN(E8,K8) -> 965 | M8: =MAX(E8-K8,0) -> 0 | N8: =MAX(K8-L8,0) -> 197 | O8: 0.03 | P8: =MIN(N8,ROUND(N8*O8,0)) -> 6 | Q8: =N8-P8 -> 191 | R8: 102 | S8: =MIN(F8,MAX(0,ROUND(D8+R8-V8,0))) -> 719 | T8: 1.0037949 | U8: =MIN(F8,MAX(0,ROUND(S8*T8,0))) -> 722 | V8: =AB3 -> 233 | W8: =U8+V8 -> 955 | X8: =MIN(E8,W8) -> 955 | Y8: =MAX(E8-W8,0) -> 10 | Z8: =MAX(W8-X8,0) -> 0 | AA8: =MIN(Z8,ROUND(Z8*O8,0)) -> 0 | AB8: =Z8-AA8 -> 0 | AC8: =IFERROR(ABS(E8-D8)/E8,0) -> 0.11917098 | AD8: =IFERROR(L8/E8,1) -> 1 | AE8: =IFERROR(X8/E8,1) -> 0.98963731 | AF8: =IFERROR(I8/F8,0) -> 0.6975 | AG8: =IFERROR(U8/F8,0) -> 0.60166667
A9: 46163 | B9: Curd | C9: 7 | D9: 500 | E9: 538 | F9: 700 | G9: =ROUND(D9*0.97,0) -> 485 | H9: 0.99803752 | I9: =MIN(F9,ROUND(G9*H9,0)) -> 484 | J9: =Q4 -> 178 | K9: =I9+J9 -> 662 | L9: =MIN(E9,K9) -> 538 | M9: =MAX(E9-K9,0) -> 0 | N9: =MAX(K9-L9,0) -> 124 | O9: 0.018 | P9: =MIN(N9,ROUND(N9*O9,0)) -> 2 | Q9: =N9-P9 -> 122 | R9: 90 | S9: =MIN(F9,MAX(0,ROUND(D9+R9-V9,0))) -> 437 | T9: 0.98250234 | U9: =MIN(F9,MAX(0,ROUND(S9*T9,0))) -> 429 | V9: =AB4 -> 153 | W9: =U9+V9 -> 582 | X9: =MIN(E9,W9) -> 538 | Y9: =MAX(E9-W9,0) -> 0 | Z9: =MAX(W9-X9,0) -> 44 | AA9: =MIN(Z9,ROUND(Z9*O9,0)) -> 1 | AB9: =Z9-AA9 -> 43 | AC9: =IFERROR(ABS(E9-D9)/E9,0) -> 0.07063197 | AD9: =IFERROR(L9/E9,1) -> 1 | AE9: =IFERROR(X9/E9,1) -> 1 | AF9: =IFERROR(I9/F9,0) -> 0.69142857 | AG9: =IFERROR(U9/F9,0) -> 0.61285714
A10: 46163 | B10: Lassi | C10: 7 | D10: 400 | E10: 429 | F10: 560 | G10: =ROUND(D10*0.97,0) -> 388 | H10: 0.98379507 | I10: =MIN(F10,ROUND(G10*H10,0)) -> 382 | J10: =Q5 -> 129 | K10: =I10+J10 -> 511 | L10: =MIN(E10,K10) -> 429 | M10: =MAX(E10-K10,0) -> 0 | N10: =MAX(K10-L10,0) -> 82 | O10: 0.02 | P10: =MIN(N10,ROUND(N10*O10,0)) -> 2 | Q10: =N10-P10 -> 80 | R10: 72 | S10: =MIN(F10,MAX(0,ROUND(D10+R10-V10,0))) -> 364 | T10: 0.99563597 | U10: =MIN(F10,MAX(0,ROUND(S10*T10,0))) -> 362 | V10: =AB5 -> 108 | W10: =U10+V10 -> 470 | X10: =MIN(E10,W10) -> 429 | Y10: =MAX(E10-W10,0) -> 0 | Z10: =MAX(W10-X10,0) -> 41 | AA10: =MIN(Z10,ROUND(Z10*O10,0)) -> 1 | AB10: =Z10-AA10 -> 40 | AC10: =IFERROR(ABS(E10-D10)/E10,0) -> 0.067599068 | AD10: =IFERROR(L10/E10,1) -> 1 | AE10: =IFERROR(X10/E10,1) -> 1 | AF10: =IFERROR(I10/F10,0) -> 0.68214286 | AG10: =IFERROR(U10/F10,0) -> 0.64642857
A11: 46163 | B11: Paneer | C11: 5 | D11: 160 | E11: 158 | F11: 230 | G11: =ROUND(D11*0.97,0) -> 155 | H11: 1.0147175 | I11: =MIN(F11,ROUND(G11*H11,0)) -> 157 | J11: =Q6 -> 58 | K11: =I11+J11 -> 215 | L11: =MIN(E11,K11) -> 158 | M11: =MAX(E11-K11,0) -> 0 | N11: =MAX(K11-L11,0) -> 57 | O11: 0.025 | P11: =MIN(N11,ROUND(N11*O11,0)) -> 1 | Q11: =N11-P11 -> 56 | R11: 32 | S11: =MIN(F11,MAX(0,ROUND(D11+R11-V11,0))) -> 137 | T11: 0.99347063 | U11: =MIN(F11,MAX(0,ROUND(S11*T11,0))) -> 136 | V11: =AB6 -> 55 | W11: =U11+V11 -> 191 | X11: =MIN(E11,W11) -> 158 | Y11: =MAX(E11-W11,0) -> 0 | Z11: =MAX(W11-X11,0) -> 33 | AA11: =MIN(Z11,ROUND(Z11*O11,0)) -> 1 | AB11: =Z11-AA11 -> 32 | AC11: =IFERROR(ABS(E11-D11)/E11,0) -> 0.012658228 | AD11: =IFERROR(L11/E11,1) -> 1 | AE11: =IFERROR(X11/E11,1) -> 1 | AF11: =IFERROR(I11/F11,0) -> 0.6826087 | AG11: =IFERROR(U11/F11,0) -> 0.59130435
A12: 46164 | B12: Toned Milk | C12: 2 | D12: 1769 | E12: 1637 | F12: 2250 | G12: =ROUND(D12*0.97,0) -> 1716 | H12: 0.98135579 | I12: =MIN(F12,ROUND(G12*H12,0)) -> 1684 | J12: =Q7 -> 432 | K12: =I12+J12 -> 2116 | L12: =MIN(E12,K12) -> 1637 | M12: =MAX(E12-K12,0) -> 0 | N12: =MAX(K12-L12,0) -> 479 | O12: 0.025 | P12: =MIN(N12,ROUND(N12*O12,0)) -> 12 | Q12: =N12-P12 -> 467 | R12: 212 | S12: =MIN(F12,MAX(0,ROUND(D12+R12-V12,0))) -> 1769 | T12: 0.99169529 | U12: =MIN(F12,MAX(0,ROUND(S12*T12,0))) -> 1754 | V12: =AB7 -> 212 | W12: =U12+V12 -> 1966 | X12: =MIN(E12,W12) -> 1637 | Y12: =MAX(E12-W12,0) -> 0 | Z12: =MAX(W12-X12,0) -> 329 | AA12: =MIN(Z12,ROUND(Z12*O12,0)) -> 8 | AB12: =Z12-AA12 -> 321 | AC12: =IFERROR(ABS(E12-D12)/E12,0) -> 0.080635308 | AD12: =IFERROR(L12/E12,1) -> 1 | AE12: =IFERROR(X12/E12,1) -> 1 | AF12: =IFERROR(I12/F12,0) -> 0.74844444 | AG12: =IFERROR(U12/F12,0) -> 0.77955556
A13: 46164 | B13: Full Cream Milk | C13: 2 | D13: 885 | E13: 766 | F13: 1200 | G13: =ROUND(D13*0.97,0) -> 858 | H13: 0.99284898 | I13: =MIN(F13,ROUND(G13*H13,0)) -> 852 | J13: =Q8 -> 191 | K13: =I13+J13 -> 1043 | L13: =MIN(E13,K13) -> 766 | M13: =MAX(E13-K13,0) -> 0 | N13: =MAX(K13-L13,0) -> 277 | O13: 0.03 | P13: =MIN(N13,ROUND(N13*O13,0)) -> 8 | Q13: =N13-P13 -> 269 | R13: 106 | S13: =MIN(F13,MAX(0,ROUND(D13+R13-V13,0))) -> 991 | T13: 1.0011386 | U13: =MIN(F13,MAX(0,ROUND(S13*T13,0))) -> 992 | V13: =AB8 -> 0 | W13: =U13+V13 -> 992 | X13: =MIN(E13,W13) -> 766 | Y13: =MAX(E13-W13,0) -> 0 | Z13: =MAX(W13-X13,0) -> 226 | AA13: =MIN(Z13,ROUND(Z13*O13,0)) -> 7 | AB13: =Z13-AA13 -> 219 | AC13: =IFERROR(ABS(E13-D13)/E13,0) -> 0.15535248 | AD13: =IFERROR(L13/E13,1) -> 1 | AE13: =IFERROR(X13/E13,1) -> 1 | AF13: =IFERROR(I13/F13,0) -> 0.71 | AG13: =IFERROR(U13/F13,0) -> 0.82666667
A14: 46164 | B14: Curd | C14: 7 | D14: 520 | E14: 503 | F14: 700 | G14: =ROUND(D14*0.97,0) -> 504 | H14: 1.0083064 | I14: =MIN(F14,ROUND(G14*H14,0)) -> 508 | J14: =Q9 -> 122 | K14: =I14+J14 -> 630 | L14: =MIN(E14,K14) -> 503 | M14: =MAX(E14-K14,0) -> 0 | N14: =MAX(K14-L14,0) -> 127 | O14: 0.018 | P14: =MIN(N14,ROUND(N14*O14,0)) -> 2 | Q14: =N14-P14 -> 125 | R14: 94 | S14: =MIN(F14,MAX(0,ROUND(D14+R14-V14,0))) -> 571 | T14: 0.98297489 | U14: =MIN(F14,MAX(0,ROUND(S14*T14,0))) -> 561 | V14: =AB9 -> 43 | W14: =U14+V14 -> 604 | X14: =MIN(E14,W14) -> 503 | Y14: =MAX(E14-W14,0) -> 0 | Z14: =MAX(W14-X14,0) -> 101 | AA14: =MIN(Z14,ROUND(Z14*O14,0)) -> 2 | AB14: =Z14-AA14 -> 99 | AC14: =IFERROR(ABS(E14-D14)/E14,0) -> 0.033797217 | AD14: =IFERROR(L14/E14,1) -> 1 | AE14: =IFERROR(X14/E14,1) -> 1 | AF14: =IFERROR(I14/F14,0) -> 0.72571429 | AG14: =IFERROR(U14/F14,0) -> 0.80142857
A15: 46164 | B15: Lassi | C15: 7 | D15: 416 | E15: 466 | F15: 560 | G15: =ROUND(D15*0.97,0) -> 404 | H15: 0.98161491 | I15: =MIN(F15,ROUND(G15*H15,0)) -> 397 | J15: =Q10 -> 80 | K15: =I15+J15 -> 477 | L15: =MIN(E15,K15) -> 466 | M15: =MAX(E15-K15,0) -> 0 | N15: =MAX(K15-L15,0) -> 11 | O15: 0.02 | P15: =MIN(N15,ROUND(N15*O15,0)) -> 0 | Q15: =N15-P15 -> 11 | R15: 75 | S15: =MIN(F15,MAX(0,ROUND(D15+R15-V15,0))) -> 451 | T15: 0.99602536 | U15: =MIN(F15,MAX(0,ROUND(S15*T15,0))) -> 449 | V15: =AB10 -> 40 | W15: =U15+V15 -> 489 | X15: =MIN(E15,W15) -> 466 | Y15: =MAX(E15-W15,0) -> 0 | Z15: =MAX(W15-X15,0) -> 23 | AA15: =MIN(Z15,ROUND(Z15*O15,0)) -> 0 | AB15: =Z15-AA15 -> 23 | AC15: =IFERROR(ABS(E15-D15)/E15,0) -> 0.10729614 | AD15: =IFERROR(L15/E15,1) -> 1 | AE15: =IFERROR(X15/E15,1) -> 1 | AF15: =IFERROR(I15/F15,0) -> 0.70892857 | AG15: =IFERROR(U15/F15,0) -> 0.80178571
A16: 46164 | B16: Paneer | C16: 5 | D16: 167 | E16: 193 | F16: 230 | G16: =ROUND(D16*0.97,0) -> 162 | H16: 1.0078041 | I16: =MIN(F16,ROUND(G16*H16,0)) -> 163 | J16: =Q11 -> 56 | K16: =I16+J16 -> 219 | L16: =MIN(E16,K16) -> 193 | M16: =MAX(E16-K16,0) -> 0 | N16: =MAX(K16-L16,0) -> 26 | O16: 0.025 | P16: =MIN(N16,ROUND(N16*O16,0)) -> 1 | Q16: =N16-P16 -> 25 | R16: 33 | S16: =MIN(F16,MAX(0,ROUND(D16+R16-V16,0))) -> 168 | T16: 0.98313212 | U16: =MIN(F16,MAX(0,ROUND(S16*T16,0))) -> 165 | V16: =AB11 -> 32 | W16: =U16+V16 -> 197 | X16: =MIN(E16,W16) -> 193 | Y16: =MAX(E16-W16,0) -> 0 | Z16: =MAX(W16-X16,0) -> 4 | AA16: =MIN(Z16,ROUND(Z16*O16,0)) -> 0 | AB16: =Z16-AA16 -> 4 | AC16: =IFERROR(ABS(E16-D16)/E16,0) -> 0.13471503 | AD16: =IFERROR(L16/E16,1) -> 1 | AE16: =IFERROR(X16/E16,1) -> 1 | AF16: =IFERROR(I16/F16,0) -> 0.70869565 | AG16: =IFERROR(U16/F16,0) -> 0.7173913
A17: 46165 | B17: Toned Milk | C17: 2 | D17: 1940 | E17: 1812 | F17: 2250 | G17: =ROUND(D17*0.97,0) -> 1882 | H17: 1.0129823 | I17: =MIN(F17,ROUND(G17*H17,0)) -> 1906 | J17: =Q12 -> 467 | K17: =I17+J17 -> 2373 | L17: =MIN(E17,K17) -> 1812 | M17: =MAX(E17-K17,0) -> 0 | N17: =MAX(K17-L17,0) -> 561 | O17: 0.025 | P17: =MIN(N17,ROUND(N17*O17,0)) -> 14 | Q17: =N17-P17 -> 547 | R17: 233 | S17: =MIN(F17,MAX(0,ROUND(D17+R17-V17,0))) -> 1852 | T17: 0.98243117 | U17: =MIN(F17,MAX(0,ROUND(S17*T17,0))) -> 1819 | V17: =AB12 -> 321 | W17: =U17+V17 -> 2140 | X17: =MIN(E17,W17) -> 1812 | Y17: =MAX(E17-W17,0) -> 0 | Z17: =MAX(W17-X17,0) -> 328 | AA17: =MIN(Z17,ROUND(Z17*O17,0)) -> 8 | AB17: =Z17-AA17 -> 320 | AC17: =IFERROR(ABS(E17-D17)/E17,0) -> 0.070640177 | AD17: =IFERROR(L17/E17,1) -> 1 | AE17: =IFERROR(X17/E17,1) -> 1 | AF17: =IFERROR(I17/F17,0) -> 0.84711111 | AG17: =IFERROR(U17/F17,0) -> 0.80844444
A18: 46165 | B18: Full Cream Milk | C18: 2 | D18: 970 | E18: 922 | F18: 1200 | G18: =ROUND(D18*0.97,0) -> 941 | H18: 1.00118 | I18: =MIN(F18,ROUND(G18*H18,0)) -> 942 | J18: =Q13 -> 269 | K18: =I18+J18 -> 1211 | L18: =MIN(E18,K18) -> 922 | M18: =MAX(E18-K18,0) -> 0 | N18: =MAX(K18-L18,0) -> 289 | O18: 0.03 | P18: =MIN(N18,ROUND(N18*O18,0)) -> 9 | Q18: =N18-P18 -> 280 | R18: 116 | S18: =MIN(F18,MAX(0,ROUND(D18+R18-V18,0))) -> 867 | T18: 1.0081582 | U18: =MIN(F18,MAX(0,ROUND(S18*T18,0))) -> 874 | V18: =AB13 -> 219 | W18: =U18+V18 -> 1093 | X18: =MIN(E18,W18) -> 922 | Y18: =MAX(E18-W18,0) -> 0 | Z18: =MAX(W18-X18,0) -> 171 | AA18: =MIN(Z18,ROUND(Z18*O18,0)) -> 5 | AB18: =Z18-AA18 -> 166 | AC18: =IFERROR(ABS(E18-D18)/E18,0) -> 0.052060738 | AD18: =IFERROR(L18/E18,1) -> 1 | AE18: =IFERROR(X18/E18,1) -> 1 | AF18: =IFERROR(I18/F18,0) -> 0.785 | AG18: =IFERROR(U18/F18,0) -> 0.72833333
... A421: 46245 | B421: Paneer | C421: 5 | D421: 156 | E421: 136 | F421: 230 | G421: =ROUND(D421*0.97,0) -> 151 | H421: 0.99931525 | I421: =MIN(F421,ROUND(G421*H421,0)) -> 151 | J421: =Q416 -> 6 | K421: =I421+J421 -> 157 | L421: =MIN(E421,K421) -> 136 | M421: =MAX(E421-K421,0) -> 0 | N421: =MAX(K421-L421,0) -> 21 | O421: 0.025 | P421: =MIN(N421,ROUND(N421*O421,0)) -> 1 | Q421: =N421-P421 -> 20 | R421: 31 | S421: =MIN(F421,MAX(0,ROUND(D421+R421-V421,0))) -> 182 | T421: 0.98673522 | U421: =MIN(F421,MAX(0,ROUND(S421*T421,0))) -> 180 | V421: =AB416 -> 5 | W421: =U421+V421 -> 185 | X421: =MIN(E421,W421) -> 136 | Y421: =MAX(E421-W421,0) -> 0 | Z421: =MAX(W421-X421,0) -> 49 | AA421: =MIN(Z421,ROUND(Z421*O421,0)) -> 1 | AB421: =Z421-AA421 -> 48 | AC421: =IFERROR(ABS(E421-D421)/E421,0) -> 0.14705882 | AD421: =IFERROR(L421/E421,1) -> 1 | AE421: =IFERROR(X421/E421,1) -> 1 | AF421: =IFERROR(I421/F421,0) -> 0.65652174 | AG421: =IFERROR(U421/F421,0) -> 0.7826087

Sheet Operations Dashboard
A1: DAIRY OPERATIONS: BASELINE VS INVENTORY-AWARE PLANNING
A2: Synthetic case study only | Not actual Sudha Dairy results
A4: Metric | B4: Baseline | C4: Metric | D4: Recommended | E4: Comparison | F4: Result
A5: Demand units | B5: =SUM('SKU-Day Data'!$E$2:$E$421) -> 319167 | C5: Demand units | D5: =SUM('SKU-Day Data'!$E$2:$E$421) -> 319167 | E5: Fill rate change (pp) | F5: =(D7-B7)*100 -> 3.2233909
A6: Dispatched units | B6: =SUM('SKU-Day Data'!$L$2:$L$421) -> 307393 | C6: Dispatched units | D6: =SUM('SKU-Day Data'!$X$2:$X$421) -> 317681 | E6: Stockout reduction | F6: =IFERROR((B8-D8)/B8,0) -> 0.87378971
A7: Fill rate | B7: =IFERROR(B6/B5,1) -> 0.96311022 | C7: Fill rate | D7: =IFERROR(D6/D5,1) -> 0.99534413 | E7: Write-off change | F7: =IFERROR((D9-B9)/B9,0) -> -0.17721519
A8: Stockouts | B8: =SUM('SKU-Day Data'!$M$2:$M$421) -> 11774 | C8: Stockouts | D8: =SUM('SKU-Day Data'!$Y$2:$Y$421) -> 1486 | E8: Planning rule | F8: Forecast + target-stock buffer
A9: Est. write-offs | B9: =SUM('SKU-Day Data'!$P$2:$P$421) -> 1264 | C9: Est. write-offs | D9: =SUM('SKU-Day Data'!$AA$2:$AA$421) -> 1040 | E9: Dataset | F9: 420 synthetic SKU-day records
A10: Avg. capacity util. | B10: =AVERAGE('SKU-Day Data'!$AF$2:$AF$421) -> 0.72584798 | C10: Avg. capacity util. | D10: =AVERAGE('SKU-Day Data'!$AG$2:$AG$421) -> 0.75417549
A11: Forecast MAPE | B11: =AVERAGE('SKU-Day Data'!$AC$2:$AC$421) -> 0.09789496 | C11: Forecast MAPE | D11: =AVERAGE('SKU-Day Data'!$AC$2:$AC$421) -> 0.09789496
A12: SKU-day records | B12: =COUNTA('SKU-Day Data'!$B$2:$B$421) -> 420 | C12: SKU-day records | D12: =COUNTA('SKU-Day Data'!$B$2:$B$421) -> 420
A14: Product | B14: Total Demand | C14: Baseline Fill Rate | D14: Recommended Fill Rate | E14: Baseline Stockout | F14: Recommended Stockout | G14: Baseline Write-off | H14: Recommended Write-off
A15: Toned Milk | B15: =SUMIF('SKU-Day Data'!$B$2:$B$421,A15,'SKU-Day Data'!$E$2:$E$421) -> 150013 | C15: =IFERROR(SUMIF('SKU-Day Data'!$B$2:$B$421,A15,'SKU-Day Data'!$L$2:$L$421)/B15,1) -> 0.96644291 | D15: =IFERROR(SUMIF('SKU-Day Data'!$B$2:$B$421,A15,'SKU-Day Data'!$X$2:$X$421)/B15,1) -> 0.99291395 | E15: =SUMIF('SKU-Day Data'!$B$2:$B$421,A15,'SKU-Day Data'!$M$2:$M$421) -> 5034 | F15: =SUMIF('SKU-Day Data'!$B$2:$B$421,A15,'SKU-Day Data'!$Y$2:$Y$421) -> 1063 | G15: =SUMIF('SKU-Day Data'!$B$2:$B$421,A15,'SKU-Day Data'!$P$2:$P$421) -> 892 | H15: =SUMIF('SKU-Day Data'!$B$2:$B$421,A15,'SKU-Day Data'!$AA$2:$AA$421) -> 470
A16: Full Cream Milk | B16: =SUMIF('SKU-Day Data'!$B$2:$B$421,A16,'SKU-Day Data'!$E$2:$E$421) -> 75116 | C16: =IFERROR(SUMIF('SKU-Day Data'!$B$2:$B$421,A16,'SKU-Day Data'!$L$2:$L$421)/B16,1) -> 0.96505405 | D16: =IFERROR(SUMIF('SKU-Day Data'!$B$2:$B$421,A16,'SKU-Day Data'!$X$2:$X$421)/B16,1) -> 0.99451515 | E16: =SUMIF('SKU-Day Data'!$B$2:$B$421,A16,'SKU-Day Data'!$M$2:$M$421) -> 2625 | F16: =SUMIF('SKU-Day Data'!$B$2:$B$421,A16,'SKU-Day Data'!$Y$2:$Y$421) -> 412 | G16: =SUMIF('SKU-Day Data'!$B$2:$B$421,A16,'SKU-Day Data'!$P$2:$P$421) -> 257 | H16: =SUMIF('SKU-Day Data'!$B$2:$B$421,A16,'SKU-Day Data'!$AA$2:$AA$421) -> 270
A17: Curd | B17: =SUMIF('SKU-Day Data'!$B$2:$B$421,A17,'SKU-Day Data'!$E$2:$E$421) -> 44541 | C17: =IFERROR(SUMIF('SKU-Day Data'!$B$2:$B$421,A17,'SKU-Day Data'!$L$2:$L$421)/B17,1) -> 0.95736512 | D17: =IFERROR(SUMIF('SKU-Day Data'!$B$2:$B$421,A17,'SKU-Day Data'!$X$2:$X$421)/B17,1) -> 0.99986529 | E17: =SUMIF('SKU-Day Data'!$B$2:$B$421,A17,'SKU-Day Data'!$M$2:$M$421) -> 1899 | F17: =SUMIF('SKU-Day Data'!$B$2:$B$421,A17,'SKU-Day Data'!$Y$2:$Y$421) -> 6 | G17: =SUMIF('SKU-Day Data'!$B$2:$B$421,A17,'SKU-Day Data'!$P$2:$P$421) -> 42 | H17: =SUMIF('SKU-Day Data'!$B$2:$B$421,A17,'SKU-Day Data'!$AA$2:$AA$421) -> 127
A18: Lassi | B18: =SUMIF('SKU-Day Data'!$B$2:$B$421,A18,'SKU-Day Data'!$E$2:$E$421) -> 35563 | C18: =IFERROR(SUMIF('SKU-Day Data'!$B$2:$B$421,A18,'SKU-Day Data'!$L$2:$L$421)/B18,1) -> 0.94963867 | D18: =IFERROR(SUMIF('SKU-Day Data'!$B$2:$B$421,A18,'SKU-Day Data'!$X$2:$X$421)/B18,1) -> 0.9998594 | E18: =SUMIF('SKU-Day Data'!$B$2:$B$421,A18,'SKU-Day Data'!$M$2:$M$421) -> 1791 | F18: =SUMIF('SKU-Day Data'!$B$2:$B$421,A18,'SKU-Day Data'!$Y$2:$Y$421) -> 5 | G18: =SUMIF('SKU-Day Data'!$B$2:$B$421,A18,'SKU-Day Data'!$P$2:$P$421) -> 49 | H18: =SUMIF('SKU-Day Data'!$B$2:$B$421,A18,'SKU-Day Data'!$AA$2:$AA$421) -> 107
A19: Paneer | B19: =SUMIF('SKU-Day Data'!$B$2:$B$421,A19,'SKU-Day Data'!$E$2:$E$421) -> 13934 | C19: =IFERROR(SUMIF('SKU-Day Data'!$B$2:$B$421,A19,'SKU-Day Data'!$L$2:$L$421)/B19,1) -> 0.96949907 | D19: =IFERROR(SUMIF('SKU-Day Data'!$B$2:$B$421,A19,'SKU-Day Data'!$X$2:$X$421)/B19,1) -> 1 | E19: =SUMIF('SKU-Day Data'!$B$2:$B$421,A19,'SKU-Day Data'!$M$2:$M$421) -> 425 | F19: =SUMIF('SKU-Day Data'!$B$2:$B$421,A19,'SKU-Day Data'!$Y$2:$Y$421) -> 0 | G19: =SUMIF('SKU-Day Data'!$B$2:$B$421,A19,'SKU-Day Data'!$P$2:$P$421) -> 24 | H19: =SUMIF('SKU-Day Data'!$B$2:$B$421,A19,'SKU-Day Data'!$AA$2:$AA$421) -> 66
A22: Planning logic: baseline = 97% of forecast demand. Recommended = forecast + target closing-stock buffer - opening stock, capped by capacity. Write-offs are assumed, not measured. Validate with actual batch, shelf-life, production and dispatch data before implementation.

Sheet Root Cause & Actions
A1: ROOT-CAUSE REVIEW & ACTION PLAN
A2: Use these as hypotheses to investigate in this synthetic case. Confirm root causes with evidence; do not infer real Sudha Dairy performance.
A4: Issue / signal | B4: Evidence in scenario | C4: Possible explanation (hypothesis) | D4: Additional data to validate | E4: Potential action to test | F4: KPI to monitor
A5: High-volume milk contributes most baseline stockouts | B5: Toned milk is the largest demand and baseline-stockout category in the simulated dataset. | C5: A near-forecast plan may not leave enough buffer for demand variability or execution misses. | D5: Daily forecast, order cut-off, actual dispatch, capacity, downtime and shift-level plan adherence. | E5: Test a small demand- and service-level-based buffer for selected high-volume days; check cold-storage and shelf-life constraints. | F5: Fill rate, stockout units, forecast error, inventory cover
A6: Longer shelf-life products can carry extra stock in the scenario | B6: The planning rule can change write-off estimates differently by product; some categories increase. | C6: One buffer rule may not be suitable for all shelf-life groups; scenario assumptions may overstate benefit. | D6: Batch-level manufacture/expiry dates, FEFO dispatch, returns, write-offs and actual demand history. | E6: Use differentiated buffers by shelf life and validate through batch-age tracking before adoption. | F6: Expiry/waste units, days of inventory, service level
A7: Forecast misses vary by product and date | B7: The dataset deliberately includes demand variability; use the forecast-error column and sort by largest absolute error. | C7: Weekday patterns, promotions or unusual orders may explain repeated deviations; this synthetic dataset cannot confirm them. | D7: Order history, calendar/promotions, distributor demand, weather or local event information when available. | E7: Review repeated high-error periods and update assumptions or forecast segmentation. | F7: MAPE, bias, forecast variance
A8: Capacity can constrain an inventory-aware plan | B8: Recommended production is capped by the assumed daily capacity. | C8: The stock target may be infeasible on peak days even when the planning rule is sensible. | D8: Line capacity by shift, planned maintenance, changeover time, labour, packaging material and quality holds. | E8: Flag capacity-constrained days in the plan and align production sequencing with demand priority. | F8: Capacity utilisation, plan adherence, missed demand
